GID_3,NAME_3,worldpop_total,pop_tercover_damkar,persen_cakupan_damkar,pop_tercover_polisi,persen_cakupan_polisi,pop_tercover_puskesmas,persen_cakupan_puskesmas,pop_tercover_rumah_sakit,persen_cakupan_rumah_sakit,indeks_isochrone,kelas_isochrone,rank_isochrone
IDN.10.17.11_1,Semarang Selatan,62048.0,62048.0,100.0,62048.0,100.0,62048.0,100.0,62048.0,100.0,100.0,Tinggi,1
IDN.10.17.12_1,Semarang Tengah,54356.0,54356.0,100.0,54356.0,100.0,54356.0,100.0,54356.0,100.0,100.0,Tinggi,1
IDN.10.17.2_1,Candisari,53057.0,52984.0,99.9,52984.0,99.9,52984.0,99.9,52984.0,99.9,99.9,Tinggi,3
IDN.10.17.3_1,Gajahmungkur,70254.0,69631.0,99.1,69631.0,99.1,69631.0,99.1,69631.0,99.1,99.1,Tinggi,4
IDN.10.17.4_1,Gayamsari,47047.0,46274.0,98.4,46274.0,98.4,46274.0,98.4,46274.0,98.4,98.4,Tinggi,5
IDN.10.17.13_1,Semarang Timur,47965.0,47117.0,98.2,47117.0,98.2,47117.0,98.2,47117.0,98.2,98.2,Tinggi,6
IDN.10.17.9_1,Pedurungan,135045.0,119295.0,88.3,131355.0,97.3,131355.0,97.3,131355.0,97.3,95.0,Tinggi,7
IDN.10.17.14_1,Semarang Utara,84713.0,79076.0,93.3,79076.0,93.3,79076.0,93.3,79076.0,93.3,93.3,Tinggi,8
IDN.10.17.10_1,Semarang Barat,156846.0,145189.0,92.6,145172.0,92.6,145189.0,92.6,145189.0,92.6,92.6,Tinggi,9
IDN.10.17.1_1,Banyumanik,156161.0,133765.0,85.7,136927.0,87.7,136927.0,87.7,136927.0,87.7,87.2,Tinggi,10
IDN.10.17.15_1,Tembalang,158749.0,131020.0,82.5,136902.0,86.2,137887.0,86.9,137887.0,86.9,85.6,Tinggi,11
IDN.10.17.8_1,Ngaliyan,142406.0,111057.0,78.0,113847.0,79.9,118851.0,83.5,118851.0,83.5,81.2,Sedang,12
IDN.10.17.7_1,Mijen,96503.0,72033.0,74.6,74837.0,77.5,74796.0,77.5,74796.0,77.5,76.8,Sedang,13
IDN.10.17.5_1,Genuk,108451.0,21331.0,19.7,99530.0,91.8,99530.0,91.8,99530.0,91.8,73.7,Sedang,14
IDN.10.17.6_1,Gunungpati,107628.0,70279.0,65.3,73420.0,68.2,74132.0,68.9,74132.0,68.9,67.8,Sedang,15
IDN.10.17.16_1,Tugu,65243.0,24626.0,37.7,24999.0,38.3,34260.0,52.5,34260.0,52.5,45.3,Rendah,16
