original_index,node_x,node_y,jarak_node_dari_snap_m
0.0,435967.437,9218659.958,61.76553129495374
1.0,437158.822,9224613.035,20.783685323526853
2.0,434060.057,9224887.221,119.95442271482447
3.0,439135.937,9228546.169,257.6964668980819
4.0,442328.457,9230086.446,58.41672642638993
5.0,430429.738,9218978.814,73.48819791048402
6.0,424677.681,9219714.471,14.856339662228073
7.0,425745.86,9226869.837,149.6655000328114
8.0,441866.613,9226012.547,22.656859821766783
9.0,431900.343,9228642.712,161.72174569004466
10.0,436593.404,9226640.424,19.32397152549067
11.0,435659.743,9228206.291,148.7459356855319
12.0,437847.141,9229035.352,98.69350803624008
13.0,435445.139,9231020.746,41.93616132434667
14.0,440451.472,9221232.278,83.6440711968512
15.0,426751.055,9229820.57,6.133374102465148e-05
