GID_3,NAME_3,Penduduk,kebutuhan_rumah_sakit,kebutuhan_puskesmas,kebutuhan_pos_damkar,kebutuhan_kantor_polisi,eksisting_damkar,eksisting_kantor_polisi,eksisting_puskesmas,eksisting_rumah_sakit,pemenuhan_damkar_persen,pemenuhan_polisi_persen,pemenuhan_puskesmas_persen,pemenuhan_rs_persen,status_damkar,status_polisi,status_puskesmas,status_rs,status_pemenuhan_umum,rincian_kekurangan,rata_rata_pemenuhan_persen,skor_damkar_sni,skor_polisi_sni,skor_puskesmas_sni,skor_rs_sni,skor_pemenuhan_sni,indeks_aksesibilitas,skor_aksesibilitas_100,indeks_final,kelas_final
IDN.10.17.1_1,Banyumanik,144087,1,2,2,5,1,1,4,2,50.0,20.0,200.0,200.0,Belum Memenuhi,Belum Memenuhi,Memenuhi,Memenuhi,Belum Memenuhi,"Kurang 1 Pos Damkar, Kurang 4 Kantor Polisi",117.5,50.0,20.0,100.0,100.0,67.5,2.56,77.8,72.65,Tinggi
IDN.10.17.2_1,Candisari,75396,1,1,1,3,0,1,4,1,0.0,33.33,400.0,100.0,Belum Memenuhi,Belum Memenuhi,Memenuhi,Memenuhi,Belum Memenuhi,"Kurang 1 Pos Damkar, Kurang 2 Kantor Polisi",133.33,0.0,33.33,100.0,100.0,58.33,2.61,80.65,69.49,Tinggi
IDN.10.17.3_1,Gajahmungkur,56328,1,1,1,2,0,1,2,3,0.0,50.0,200.0,300.0,Belum Memenuhi,Belum Memenuhi,Memenuhi,Memenuhi,Belum Memenuhi,"Kurang 1 Pos Damkar, Kurang 1 Kantor Polisi",137.5,0.0,50.0,100.0,100.0,62.5,2.22,61.15,61.82,Sedang
IDN.10.17.4_1,Gayamsari,70381,1,1,1,3,0,1,3,2,0.0,33.33,300.0,200.0,Belum Memenuhi,Belum Memenuhi,Memenuhi,Memenuhi,Belum Memenuhi,"Kurang 1 Pos Damkar, Kurang 2 Kantor Polisi",133.33,0.0,33.33,100.0,100.0,58.33,2.21,60.65,59.49,Sedang
IDN.10.17.5_1,Genuk,141033,1,2,2,5,0,1,5,1,0.0,20.0,250.0,100.0,Belum Memenuhi,Belum Memenuhi,Memenuhi,Memenuhi,Belum Memenuhi,"Kurang 2 Pos Damkar, Kurang 4 Kantor Polisi",92.5,0.0,20.0,100.0,100.0,55.0,1.92,45.75,50.38,Sedang
IDN.10.17.6_1,Gunungpati,102429,1,1,2,4,1,1,6,1,50.0,25.0,600.0,100.0,Belum Memenuhi,Belum Memenuhi,Memenuhi,Memenuhi,Belum Memenuhi,"Kurang 1 Pos Damkar, Kurang 3 Kantor Polisi",193.75,50.0,25.0,100.0,100.0,68.75,1.8,40.15,54.45,Sedang
IDN.10.17.7_1,Mijen,96357,1,1,2,4,1,1,5,1,50.0,25.0,500.0,100.0,Belum Memenuhi,Belum Memenuhi,Memenuhi,Memenuhi,Belum Memenuhi,"Kurang 1 Pos Damkar, Kurang 3 Kantor Polisi",168.75,50.0,25.0,100.0,100.0,68.75,2.25,62.3,65.53,Tinggi
IDN.10.17.8_1,Ngaliyan,147797,1,2,2,5,1,1,5,2,50.0,20.0,250.0,200.0,Belum Memenuhi,Belum Memenuhi,Memenuhi,Memenuhi,Belum Memenuhi,"Kurang 1 Pos Damkar, Kurang 4 Kantor Polisi",130.0,50.0,20.0,100.0,100.0,67.5,2.26,62.75,65.12,Tinggi
IDN.10.17.9_1,Pedurungan,198452,1,2,3,7,1,0,7,3,33.33,0.0,350.0,300.0,Belum Memenuhi,Belum Memenuhi,Memenuhi,Memenuhi,Belum Memenuhi,"Kurang 2 Pos Damkar, Kurang 7 Kantor Polisi",170.83,33.33,0.0,100.0,100.0,58.33,2.34,67.1,62.72,Sedang
IDN.10.17.10_1,Semarang Barat,149357,1,2,2,5,1,1,8,3,50.0,20.0,400.0,300.0,Belum Memenuhi,Belum Memenuhi,Memenuhi,Memenuhi,Belum Memenuhi,"Kurang 1 Pos Damkar, Kurang 4 Kantor Polisi",192.5,50.0,20.0,100.0,100.0,67.5,2.31,65.3,66.4,Tinggi
IDN.10.17.11_1,Semarang Selatan,61981,1,1,1,3,0,1,2,8,0.0,33.33,200.0,800.0,Belum Memenuhi,Belum Memenuhi,Memenuhi,Memenuhi,Belum Memenuhi,"Kurang 1 Pos Damkar, Kurang 2 Kantor Polisi",258.33,0.0,33.33,100.0,100.0,58.33,2.56,78.15,68.24,Tinggi
IDN.10.17.12_1,Semarang Tengah,55213,1,1,1,2,0,3,2,4,0.0,150.0,200.0,400.0,Belum Memenuhi,Memenuhi,Memenuhi,Memenuhi,Belum Memenuhi,Kurang 1 Pos Damkar,187.5,0.0,100.0,100.0,100.0,75.0,2.79,89.45,82.22,Tinggi
IDN.10.17.13_1,Semarang Timur,66482,1,1,1,3,0,1,3,4,0.0,33.33,300.0,400.0,Belum Memenuhi,Belum Memenuhi,Memenuhi,Memenuhi,Belum Memenuhi,"Kurang 1 Pos Damkar, Kurang 2 Kantor Polisi",183.33,0.0,33.33,100.0,100.0,58.33,2.77,88.4,73.37,Tinggi
IDN.10.17.14_1,Semarang Utara,117865,1,1,2,4,0,0,5,0,0.0,0.0,500.0,0.0,Belum Memenuhi,Belum Memenuhi,Memenuhi,Belum Memenuhi,Belum Memenuhi,"Kurang 2 Pos Damkar, Kurang 4 Kantor Polisi, Kurang 1 Rumah Sakit",125.0,0.0,0.0,100.0,0.0,25.0,2.52,76.0,50.5,Sedang
IDN.10.17.15_1,Tembalang,204865,1,2,3,7,0,1,4,5,0.0,14.29,200.0,500.0,Belum Memenuhi,Belum Memenuhi,Memenuhi,Memenuhi,Belum Memenuhi,"Kurang 3 Pos Damkar, Kurang 6 Kantor Polisi",178.57,0.0,14.29,100.0,100.0,53.57,1.9,45.1,49.34,Sedang
IDN.10.17.16_1,Tugu,34398,1,1,1,2,0,1,3,0,0.0,50.0,300.0,0.0,Belum Memenuhi,Belum Memenuhi,Memenuhi,Belum Memenuhi,Belum Memenuhi,"Kurang 1 Pos Damkar, Kurang 1 Kantor Polisi, Kurang 1 Rumah Sakit",87.5,0.0,50.0,100.0,0.0,37.5,1.33,16.7,27.1,Rendah
