id,nama,node_x,node_y,jarak_snap_m
0,,436821.015,9226131.892,4.982561824554477
1,,436821.015,9226131.892,11.134292368194618
2,,438891.028,9226099.926,61.59272477383731
3,Primaya Hospital Semarang,440463.585,9223441.923,195.20688074735514
4,RSI Sultan Agung Semarang,440454.536,9231050.596,151.49276264690315
5,Rumah Sakit Umum Pusat Dr. Kariadi,434740.227,9227026.646,108.30030982411755
6,Rumah Sakit Hermina Pandanaran,435063.055,9227786.256,80.96518452898682
7,RS Samsoe Hidajat,432206.66,9228625.459,78.90171971154791
8,Rumah Sakit Mata Utama JEC-Candi Gisikdrono,432314.483,9227598.423,71.12302977792542
9,RS Bhayangkara Akpol,434673.192,9224182.482,88.23529212872153
10,Rumah sakit Ibu Anak Bunda,437468.594,9226764.183,92.91934277744505
11,Siloam Hospitals Semarang,437435.924,9226358.041,62.3123659219032
12,Balai Kesehatan Masyarakat Wilayah Semarang,436734.602,9227563.518,60.9608452527872
13,Sahana Medika KH Ahmad Dahlan,436654.616,9227476.83,83.78360465961896
14,,434570.29,9227179.396,146.8234546099076
15,Rumah Sakit Permata Sari,430896.611,9223778.482,102.70332795433201
16,RSIA Gunung Sawo,434442.586,9226535.604,108.15403568208009
17,Rumah Sakit Bhakti Wira Tamtama,434533.915,9227718.286,78.91772236888487
18,Rumah Sakit Ibu Anak Anugerah,434318.507,9227071.611,38.968288292648516
19,Rumah Sakit Umum William Booth,434346.089,9226581.844,90.01227868993125
20,Rumah Sakit Bhayangkara,438891.028,9226099.926,87.63586149297244
21,RS Ibu dan Anak Kusuma Pradja,437686.296,9228896.536,46.968449353267644
22,Rumah Sakit Panti Wilasa,437623.08,9229250.328,64.11832056523826
23,RS St.Elisabeth Semarang,435940.472,9225479.428,125.96123409799351
24,Rumah Sakit Roemani Muhammadiyah,436821.015,9226131.892,58.31347416355338
25,Rumah Sakit Panti Wilasa Citarum,438207.117,9229527.1,88.37216632622061
26,Rumah Bersalin Bhakti Ibu,438176.524,9225681.654,38.69375102460392
27,Rumah Bersalin Citra Insani,440423.412,9225754.395,147.20754313073476
28,Rumah Sakit Nasional Diponegoro,438707.892,9220915.512,160.07637713973568
29,Rumah Sakit Jiwa Dr Amino Gondhoutomo,440578.443,9225135.262,126.09005329605449
30,Rumah Sakit Hermina Banyumanik,434965.686,9218202.36,78.49094397010772
31,Rumah Sakit Amanda,424507.52,9218561.349,73.25910935032758
32,Rumah Sakit Umum Daerah K.R.M.T. Wongsenogoro,441183.932,9222324.752,217.66833045189426
33,Rumah Sakit Banyumanik,435593.236,9219170.892,35.471341610720785
34,Rumah Sakit Permata Medika,427265.33,9226206.161,79.45187573456147
35,"RSUD D Dr. Adhyatma, MPH",428704.676,9227956.77,128.00715319029587
36,Rumah Sakit Gigi dan Mulut UNIMUS,440963.518,9223550.296,144.12527065814226
37,site ssa4,435114.297,9226647.898,56.233184525583006
38,Gedung Paviliun Gatotkaca,441135.828,9222705.676,184.86560774692074
39,Rumah Sakit Ibu dan Anak Plamongan Indah,444537.987,9223621.72,30.41940650848069
40,RSKB Columbia Asia,431928.023,9227927.874,162.95982403135756
41,SMC Rumah Sakit Telogorejo,436734.602,9227563.518,80.96592726003088
