GID_3,NAME_3,jarak_damkar_km,jarak_rs_km,jarak_puskesmas_km,jarak_polisi_km,skor_damkar,skor_rs,skor_puskesmas,skor_polisi
IDN.10.17.1_1,Banyumanik,3.1382040310472457,0.9156162842707138,0.3553404377961939,0.7937279711217959,2.528,2.827,2.867,2.856
IDN.10.17.2_1,Candisari,5.394508338771505,2.10399258551466,0.2530186183490684,0.4627240627249758,2.007,2.485,2.969,2.981
IDN.10.17.3_1,Gajahmungkur,4.488994890642824,1.8953018100273875,1.4848587324469062,2.5581413294353443,2.216,2.545,1.744,2.19
IDN.10.17.4_1,Gayamsari,6.648349846250523,1.9750764072903249,1.1736921417074424,2.3611014966708264,1.718,2.522,2.054,2.264
IDN.10.17.5_1,Genuk,9.76221708162659,2.817067224821908,1.040682185613989,2.140943379551677,1.0,2.28,2.186,2.347
IDN.10.17.6_1,Gunungpati,3.9946441391026384,7.263215401645269,1.1059687975836312,2.0958736233713857,2.33,1.0,2.121,2.364
IDN.10.17.7_1,Mijen,2.913396272674897,3.017652772042485,0.8949295191527771,0.9157359966881792,2.579,2.222,2.331,2.81
IDN.10.17.8_1,Ngaliyan,4.41625981443115,2.1792082717493875,0.2216809059502837,2.7428498723180903,2.233,2.464,3.0,2.12
IDN.10.17.9_1,Pedurungan,5.689086060005693,2.025168868837145,1.008907579571499,1.2838951796012283,1.939,2.508,2.217,2.671
IDN.10.17.10_1,Semarang Barat,1.0896684347535803,1.341962015253413,2.233341140506876,2.1062439458807343,3.0,2.705,1.0,2.361
IDN.10.17.11_1,Semarang Selatan,4.28874284341283,0.6975254438478652,1.257618619587911,1.0591816580125053,2.262,2.89,1.97,2.756
IDN.10.17.12_1,Semarang Tengah,2.344158091450558,1.048211951097957,0.4188748305581483,1.020215668276242,2.711,2.789,2.804,2.77
IDN.10.17.13_1,Semarang Timur,4.884280147310576,0.3160183270873443,0.5062571724129592,0.4114335833860144,2.125,3.0,2.717,3.0
IDN.10.17.14_1,Semarang Utara,4.3029986327472605,3.869074257977255,0.4871660203148642,0.7538397932348024,2.259,1.977,2.736,2.871
IDN.10.17.15_1,Tembalang,5.103856684324928,2.2282730504228034,2.1938585363630194,2.2821489069734118,2.074,2.449,1.039,2.294
IDN.10.17.16_1,Tugu,5.77925981014813,5.654929731040906,1.9445374253836445,5.712434562674448,1.919,1.463,1.287,1.0
