GID_3,NAME_3,jarak_damkar_km,jarak_rs_km,jarak_puskesmas_km,jarak_polisi_km
IDN.10.17.1_1,Banyumanik,3.1382040310472457,0.9156162842707138,0.3553404377961939,0.7937279711217959
IDN.10.17.2_1,Candisari,5.394508338771505,2.10399258551466,0.2530186183490684,0.4627240627249758
IDN.10.17.3_1,Gajahmungkur,4.488994890642824,1.8953018100273873,1.4848587324469062,2.5581413294353443
IDN.10.17.4_1,Gayamsari,6.648349846250523,1.9750764072903249,1.1736921417074424,2.3611014966708264
IDN.10.17.5_1,Genuk,9.76221708162659,2.817067224821908,1.040682185613989,2.1409433795516772
IDN.10.17.6_1,Gunungpati,3.9946441391026384,7.263215401645269,1.1059687975836312,2.0958736233713857
IDN.10.17.7_1,Mijen,2.913396272674897,3.017652772042485,0.8949295191527771,0.9157359966881792
IDN.10.17.8_1,Ngaliyan,4.41625981443115,2.1792082717493875,0.22168090595028372,2.7428498723180903
IDN.10.17.9_1,Pedurungan,5.689086060005693,2.025168868837145,1.008907579571499,1.2838951796012283
IDN.10.17.10_1,Semarang Barat,1.0896684347535803,1.341962015253413,2.233341140506876,2.1062439458807343
IDN.10.17.11_1,Semarang Selatan,4.28874284341283,0.6975254438478652,1.257618619587911,1.0591816580125053
IDN.10.17.12_1,Semarang Tengah,2.344158091450558,1.048211951097957,0.41887483055814834,1.020215668276242
IDN.10.17.13_1,Semarang Timur,4.884280147310576,0.31601832708734434,0.5062571724129592,0.4114335833860144
IDN.10.17.14_1,Semarang Utara,4.3029986327472605,3.8690742579772546,0.4871660203148642,0.7538397932348024
IDN.10.17.15_1,Tembalang,5.103856684324928,2.2282730504228034,2.1938585363630194,2.2821489069734113
IDN.10.17.16_1,Tugu,5.77925981014813,5.654929731040906,1.9445374253836443,5.7124345626744475
