id,nama,node_x,node_y,jarak_snap_m
0,Pos Polantas Terminal Banyumanik,434969.693,9218101.752,24.608009114092425
1,Polda Jawa Tengah,435758.519,9226529.411,53.87045593270736
2,Polsek Tugu,429384.822,9227679.549,56.07167824936031
3,Polsek Semarang Barat,432570.899,9228150.391,112.50174649979975
4,Direktorat Sabhara Subdit Dalmas,434343.236,9226931.169,71.3833457280166
5,BIDHUMAS Polda Jawa Tengah,437475.737,9228085.7,52.31452516955801
6,Brimob Simongan,432697.702,9226789.921,29.907719781587115
7,Polsek Semarang Utara,437046.048,9229786.05,80.44062125137266
8,Polsek Semarang Selatan,438851.188,9225520.492,63.77152215069824
9,Pos Polisi Perairan,437855.203,9232130.635,21.35209222576348
10,Biro Sarpras Polda Jateng,435860.753,9226482.66,65.99688240619024
11,Polsek Gajahmungkur,435688.303,9224371.767,53.97928553989127
12,Polsek Candisari,436874.421,9224402.628,47.42171745110423
13,Polsek Genuk,442113.034,9231392.306,46.71856100418192
14,Pusat Informasi Lalu Lintas,436203.89,9227158.864,100.51544421501312
15,Polri Daerah Jawa Tengah,435932.41,9231023.793,55.541311879209815
16,Polsekta Semarang Tengah,436369.353,9228048.6,33.44137824991244
17,Polrestabes Semarang,434326.549,9227019.227,54.08858760871332
18,Polsek Gayamsari,439202.067,9226230.646,33.052497466624416
19,Polsek Semarang Timur,437587.286,9228860.286,31.290472231947057
20,Satuan PJR Unit I Gombel,436180.174,9221527.877,37.24798433076761
21,Direktorat Reserse Narkoba Polda Jawa Tengah,437234.651,9225094.026,91.61005064877942
22,Polsek Semarang Utara,437046.048,9229786.05,73.4064882337659
23,Satpas 1421 Satlantas Polretabes Samarang,436896.125,9229721.627,44.77511994490282
24,Pos Polisi Pelabuhan,436430.475,9232136.023,61.46839846744039
25,Kepolisian Daerah Jawa Tengah Resor Kota Besar Semarang Sektor Pedurungan,441663.956,9225022.414,57.7625518290309
26,Pos Polisi Pucang Gading,443631.833,9224228.647,23.291650981239066
27,Polsek Kecamatan Tembalang,438887.029,9219612.417,109.77673337695104
28,Polsek Ngaliyan,428004.932,9226394.051,74.28118517535768
29,Direktorat Sabhara Polisi Daerah Jawa Tengah,424921.425,9220578.186,92.80350414947033
30,Polsek Mijen,424492.811,9220293.28,28.069941706017886
31,POLSEK Gunungpati,429232.259,9218282.319,26.603257610467807
32,Dit Reskrimsus Polda Jateng,435555.658,9219038.507,63.36325905819699
33,Polsek Banyumanik,435397.053,9218190.578,182.77808551900722
34,,440985.32,9221513.329,106.2298234435661
35,Pos Satpam,440468.24,9221622.002,227.16534920514675
36,Satpas 1421 Satlantas Polretabes Samarang,436896.125,9229721.627,66.38326960671915
37,Satpas 1421 Satlantas Polretabes Samarang,436896.125,9229721.627,85.77634932311108
38,Pos Satpam,440985.32,9221513.329,270.41720758991505
39,Direktorat PAM Obvit Polda Jateng,430126.933,9228614.28,247.7633487775411
40,Kompi 3A Brimob Polda Jateng,430033.548,9226046.582,117.38780747063942
