GID_3,NAME_3,node_x,node_y,jarak_snap_m
IDN.10.17.1_1,Banyumanik,435967.437,9218659.958,61.936645965768214
IDN.10.17.2_1,Candisari,437158.822,9224613.035,23.165602079651737
IDN.10.17.3_1,Gajahmungkur,434060.057,9224887.221,127.44924408446379
IDN.10.17.4_1,Gayamsari,439115.688,9228701.811,235.32686169376572
IDN.10.17.5_1,Genuk,442317.641,9230014.676,61.1552098612783
IDN.10.17.6_1,Gunungpati,430429.738,9218978.814,339.3289966782419
IDN.10.17.7_1,Mijen,424677.681,9219714.471,106.41201136602845
IDN.10.17.8_1,Ngaliyan,425745.86,9226869.837,243.25194929180856
IDN.10.17.9_1,Pedurungan,441866.613,9226012.547,86.31413497192425
IDN.10.17.10_1,Semarang Barat,432136.676,9228432.484,287.57130159126626
IDN.10.17.11_1,Semarang Selatan,436593.404,9226640.424,23.33290043536434
IDN.10.17.12_1,Semarang Tengah,435499.664,9228417.384,112.82191165588969
IDN.10.17.13_1,Semarang Timur,437895.658,9229082.031,78.02533728681253
IDN.10.17.14_1,Semarang Utara,435445.139,9231020.746,37.604494469633636
IDN.10.17.15_1,Tembalang,440451.472,9221232.278,175.49315057420483
IDN.10.17.16_1,Tugu,426751.055,9229820.57,777.7492660988606
