GID_3,NAME_3,Penduduk,kebutuhan_kantor_polisi,kebutuhan_pos_damkar,kebutuhan_puskesmas
IDN.10.17.1_1,Banyumanik,144087,2,2,2
IDN.10.17.2_1,Candisari,75396,1,1,1
IDN.10.17.3_1,Gajahmungkur,56328,1,1,1
IDN.10.17.4_1,Gayamsari,70381,1,1,1
IDN.10.17.5_1,Genuk,141033,2,2,2
IDN.10.17.6_1,Gunungpati,102429,1,1,1
IDN.10.17.7_1,Mijen,96357,1,1,1
IDN.10.17.8_1,Ngaliyan,147797,2,2,2
IDN.10.17.9_1,Pedurungan,198452,2,2,2
IDN.10.17.10_1,Semarang Barat,149357,2,2,2
IDN.10.17.11_1,Semarang Selatan,61981,1,1,1
IDN.10.17.12_1,Semarang Tengah,55213,1,1,1
IDN.10.17.13_1,Semarang Timur,66482,1,1,1
IDN.10.17.14_1,Semarang Utara,117865,1,1,1
IDN.10.17.15_1,Tembalang,204865,2,2,2
IDN.10.17.16_1,Tugu,34398,1,1,1
