GID_3,NAME_3,Penduduk,kebutuhan_kantor_polisi,kebutuhan_pos_damkar,kebutuhan_puskesmas,eksisting_damkar,eksisting_kantor_polisi,eksisting_puskesmas,pemenuhan_damkar_persen,pemenuhan_polisi_persen,pemenuhan_puskesmas_persen,status_damkar,status_polisi,status_puskesmas,rata_rata_pemenuhan_persen,status_pemenuhan_umum
IDN.10.17.1_1,Banyumanik,144087,2,2,2,1,1,4,50.0,50.0,200.0,Belum Memenuhi,Belum Memenuhi,Memenuhi,100.0,Belum Memenuhi
IDN.10.17.2_1,Candisari,75396,1,1,1,0,1,4,0.0,100.0,400.0,Belum Memenuhi,Memenuhi,Memenuhi,166.67,Belum Memenuhi
IDN.10.17.3_1,Gajahmungkur,56328,1,1,1,0,1,2,0.0,100.0,200.0,Belum Memenuhi,Memenuhi,Memenuhi,100.0,Belum Memenuhi
IDN.10.17.4_1,Gayamsari,70381,1,1,1,0,1,3,0.0,100.0,300.0,Belum Memenuhi,Memenuhi,Memenuhi,133.33,Belum Memenuhi
IDN.10.17.5_1,Genuk,141033,2,2,2,0,1,5,0.0,50.0,250.0,Belum Memenuhi,Belum Memenuhi,Memenuhi,100.0,Belum Memenuhi
IDN.10.17.6_1,Gunungpati,102429,1,1,1,1,1,6,100.0,100.0,600.0,Memenuhi,Memenuhi,Memenuhi,266.67,Memenuhi
IDN.10.17.7_1,Mijen,96357,1,1,1,1,1,5,100.0,100.0,500.0,Memenuhi,Memenuhi,Memenuhi,233.33,Memenuhi
IDN.10.17.8_1,Ngaliyan,147797,2,2,2,1,1,5,50.0,50.0,250.0,Belum Memenuhi,Belum Memenuhi,Memenuhi,116.67,Belum Memenuhi
IDN.10.17.9_1,Pedurungan,198452,2,2,2,1,0,7,50.0,0.0,350.0,Belum Memenuhi,Belum Memenuhi,Memenuhi,133.33,Belum Memenuhi
IDN.10.17.10_1,Semarang Barat,149357,2,2,2,1,1,8,50.0,50.0,400.0,Belum Memenuhi,Belum Memenuhi,Memenuhi,166.67,Belum Memenuhi
IDN.10.17.11_1,Semarang Selatan,61981,1,1,1,0,1,2,0.0,100.0,200.0,Belum Memenuhi,Memenuhi,Memenuhi,100.0,Belum Memenuhi
IDN.10.17.12_1,Semarang Tengah,55213,1,1,1,0,3,2,0.0,300.0,200.0,Belum Memenuhi,Memenuhi,Memenuhi,166.67,Belum Memenuhi
IDN.10.17.13_1,Semarang Timur,66482,1,1,1,0,1,3,0.0,100.0,300.0,Belum Memenuhi,Memenuhi,Memenuhi,133.33,Belum Memenuhi
IDN.10.17.14_1,Semarang Utara,117865,1,1,1,0,0,5,0.0,0.0,500.0,Belum Memenuhi,Belum Memenuhi,Memenuhi,166.67,Belum Memenuhi
IDN.10.17.15_1,Tembalang,204865,2,2,2,0,1,4,0.0,50.0,200.0,Belum Memenuhi,Belum Memenuhi,Memenuhi,83.33,Belum Memenuhi
IDN.10.17.16_1,Tugu,34398,1,1,1,0,1,3,0.0,100.0,300.0,Belum Memenuhi,Memenuhi,Memenuhi,133.33,Belum Memenuhi
